{"cameraMode":{"drawMode":0,"name":"Shaded","section":"Shading Mode"},"sceneLighting":false,"audioPlay":false,"sceneViewState":{"showFog":false,"showMaterialUpdate":false,"showSkybox":false,"showFlares":false,"showImageEffects":false,"showParticleSystems":false},"in2DMode":false,"pivot":{"x":-0.7979999780654907,"y":-4.840000152587891,"z":0.0},"rotation":{"x":0.01949443481862545,"y":-0.020994776859879495,"z":0.000409479282097891,"w":0.9995895028114319},"size":1.0581766366958619,"orthographic":true}